game_id,play_id,nfl_id,frame_id,x,y
2023090700,101,43290,1,35.38941105629593,30.050501220932002
2023090700,101,43290,2,35.36888984683509,30.110928875079324
2023090700,101,43290,3,35.348436325481934,30.171282919990865
2023090700,101,43290,4,35.32805044620485,30.231563313364337
2023090700,101,43290,5,35.307732163075634,30.291770013045344
2023090700,101,43290,6,35.28748143026903,30.3519029770265
2023090700,101,43290,7,35.26729820206221,30.41196216344653
2023090700,101,43290,8,35.24718243283428,30.471947530589375
2023090700,101,43290,9,35.22713407706584,30.531859036883333
2023090700,101,43290,10,35.207153089338455,30.591696640900164
2023090700,101,43290,11,35.18723942433419,30.65146030135425
2023090700,101,43290,12,35.16739303683513,30.711149977101712
2023090700,101,43290,13,35.14761388172291,30.77076562713958
2023090700,101,43290,14,35.127901913978235,30.830307210604932
2023090700,101,43290,15,35.10825708868042,30.889774686774068
2023090700,101,43290,16,35.0886793610069,30.949168015061666
2023090700,101,43290,17,35.06916868623281,31.008487155019967
2023090700,101,43290,18,35.049725019730445,31.067732066337953
2023090700,101,43290,19,35.0303483169689,31.12690270884053
2023090700,101,43290,20,35.01103853351351,31.185999042487726
2023090700,101,43290,21,34.99179562502549,31.245021027373888
2023090700,101,44930,1,52.3060240369565,14.915735150023188
2023090700,101,44930,2,52.18497950166573,15.687419778023916
2023090700,101,44930,3,52.066791850822725,16.45500096738461
2023090700,101,44930,4,51.951390879019634,17.218430721157596
2023090700,101,44930,5,51.838710387285985,17.977665360416516
2023090700,101,44930,6,51.728687875915114,18.732665009939456
2023090700,101,44930,7,51.62126426135819,19.483393157022196
2023090700,101,44930,8,51.51638361627661,20.229816271693608
2023090700,101,44930,9,51.41399293144988,20.971903478638946
2023090700,101,44930,10,51.31404189803853,21.709626272804545
2023090700,101,44930,11,51.21648270863056,22.442958272023752
2023090700,101,44930,12,51.12126987550945,23.171875001123603
2023090700,101,44930,13,51.02836006464007,23.896353702890192
2023090700,101,44930,14,50.93771194395508,24.616373172025398
2023090700,101,44930,15,50.84928604462488,25.33191360884917
2023090700,101,44930,16,50.76304463409981,26.04295649001457
2023090700,101,44930,17,50.67895159981833,26.74948445392748
2023090700,101,44930,18,50.596972342576336,27.451481198915285
2023090700,101,44930,19,50.51707367864784,28.148931392482424
2023090700,101,44930,20,50.43922374983568,28.84182059023556
2023090700,101,44930,21,50.36339194071199,29.5301351632665
2023090700,101,46137,1,55.449066312145064,18.05025513173244
2023090700,101,46137,2,55.07931193551832,18.42775178125156
2023090700,101,46137,3,54.71076277163101,18.802501166427966
2023090700,101,46137,4,54.343443398872786,19.174514201313247
2023090700,101,46137,5,53.977377171963056,19.543801502418578
2023090700,101,46137,6,53.61258631202732,19.910373395956473
2023090700,101,46137,7,53.249091988332204,20.274239925753506
2023090700,101,46137,8,52.88691439258604,20.63541086160499
2023090700,101,46137,9,52.52607280660122,20.993895707892655
2023090700,101,46137,10,52.166585664018776,21.349703712326075
2023090700,101,46137,11,51.80847060671229,21.702843874700193
2023090700,101,46137,12,51.45174453641545,22.05332495558641
2023090700,101,46137,13,51.09642366205446,22.40115548489459
2023090700,101,46137,14,50.74252354321145,22.746343770259198
2023090700,101,46137,15,50.390059130096425,23.088897905215337
2023090700,101,46137,16,50.039044800363705,23.428825777140414
2023090700,101,46137,17,49.689494393071236,23.766135074944987
2023090700,101,46137,18,49.34142124004913,24.10083329650258
2023090700,101,46137,19,48.99483819491511,24.432927755813058
2023090700,101,46137,20,48.649757659949465,24.76242558989798
2023090700,101,46137,21,48.30619161101986,25.08933376542922
2023090700,101,52546,1,47.72590380440886,12.376265572542543
2023090700,101,52546,2,47.44413779861464,12.310641643931266
2023090700,101,52546,3,47.16472322440406,12.243154715423195
2023090700,101,52546,4,46.88768065735892,12.173831055818088
2023090700,101,52546,5,46.613030030301935,12.102696699602149
2023090700,101,52546,6,46.340790655903454,12.029777445700686
2023090700,101,52546,7,46.070981248467625,11.955098856783174
2023090700,101,52546,8,45.80361994491778,11.878686259068422
2023090700,101,52546,9,45.538724325001965,11.800564742581647
2023090700,101,52546,10,45.27631143074034,11.720759161818954
2023090700,101,52546,11,45.01639778513672,11.639294136778295
2023090700,101,52546,12,44.758999410176855,11.556194054319258
2023090700,101,52546,13,44.50413184413642,11.471483069817076
2023090700,101,52546,14,44.251810158221346,11.385185109079146
2023090700,101,52546,15,44.00204897256347,11.297323870494939
2023090700,101,52546,16,43.75486247159386,11.207922827392672
2023090700,101,52546,17,43.51026441881618,11.117005230578371
2023090700,101,52546,18,43.26826817100188,11.024594111035055
2023090700,101,52546,19,43.02888669182872,10.930712282761714
2023090700,101,52546,20,42.79213256498347,10.835382345733544
2023090700,101,52546,21,42.5580180067493,10.738626688966576
2023090700,101,53487,1,48.8323189156206,22.35941578661907
2023090700,101,53487,2,48.486253153375266,22.716303583180522
2023090700,101,53487,3,48.141811917901585,23.070669294868612
2023090700,101,53487,4,47.799004071205296,23.42251865196054
2023090700,101,53487,5,47.45783815289297,23.77185721823188
2023090700,101,53487,6,47.11832239884412,24.118690398848877
2023090700,101,53487,7,46.78046475846986,24.46302344778418
2023090700,101,53487,8,46.44427291068872,24.804861474789675
2023090700,101,53487,9,46.10975427873625,25.144209451957586
2023090700,101,53487,10,45.776916043912685,25.481072219898635
2023090700,101,53487,11,45.4457651583618,25.815454493563756
2023090700,101,53487,12,45.11630835696471,26.147360867733887
2023090700,101,53487,13,44.7885521684238,26.476795822200486
2023090700,101,53487,14,44.46250292560447,26.803763726657635
2023090700,101,53487,15,44.138166775195714,27.12826884532507
2023090700,101,53487,16,43.81554968674472,27.450315341319953
2023090700,101,53487,17,43.494657461115324,27.769907280793916
2023090700,101,53487,18,43.17549573841563,28.087048636850607
2023090700,101,53487,19,42.858070005435685,28.401743293257915
2023090700,101,53487,20,42.542385602632706,28.713995047967916
2023090700,101,53487,21,42.22844773069761,29.02380761645671
2023090700,101,53541,1,46.20009552622153,13.376852751369073
2023090700,101,53541,2,45.551755071259805,13.442458969636235
2023090700,101,53541,3,44.9049981022793,13.50684347934994
2023090700,101,53541,4,44.25984278224806,13.570030190961171
2023090700,101,53541,5,43.61630607891222,13.632042134658048
2023090700,101,53541,6,42.97440386353414,13.692901494829492
2023090700,101,53541,7,42.33415100037832,13.752629644621862
2023090700,101,53541,8,41.69556142784795,13.811247180179972
2023090700,101,53541,9,41.058648232095074,13.868773954266029
2023090700,101,53541,10,40.423423713850696,13.925229109031594
2023090700,101,53541,11,39.78989944914933,13.980631107782282
2023090700,101,53541,12,39.15808634455577,14.034997765625912
2023090700,101,53541,13,38.52799468744056,14.088346278934827
2023090700,101,53541,14,37.89963419179483,14.140693253584178
2023090700,101,53541,15,37.27301404002449,14.192054731952
2023090700,101,53541,16,36.64814292111819,14.242446218685185
2023090700,101,53541,17,36.025029065542434,14.291882705249252
2023090700,101,53541,18,35.40368027718024,14.340378693289997
2023090700,101,53541,19,34.784103962597065,14.387948216842391
2023090700,101,53541,20,34.16630715788803,14.434604863427236
2023090700,101,53541,21,33.550296553334306,14.480361794079379
2023090700,101,53959,1,50.4668103187479,36.86507085865278
2023090700,101,53959,2,50.334272857255684,37.29825105361761
2023090700,101,53959,3,50.20238685446478,37.7295403225239
2023090700,101,53959,4,50.07115156634711,38.158938409203465
2023090700,101,53959,5,49.940566265268046,38.58644506344899
2023090700,101,53959,6,49.810630239380984,39.01206004078499
2023090700,101,53959,7,49.68134279205182,39.435783102250404
2023090700,101,53959,8,49.5527032413113,39.857614014192244
2023090700,101,53959,9,49.42471091933363,40.27755254806941
2023090700,101,53959,10,49.29736517193983,40.6955984802662
2023090700,101,53959,11,49.17066535812428,41.11175159191485
2023090700,101,53959,12,49.04461084960314,41.52601166872659
2023090700,101,53959,13,48.91920103038342,41.93837850083062
2023090700,101,53959,14,48.79443529635149,42.34885188262076
2023090700,101,53959,15,48.6703130548799,42.75743161260899
2023090700,101,53959,16,48.5468337244516,43.16411749328586
2023090700,101,53959,17,48.42399673430048,43.568909330987054
2023090700,101,53959,18,48.30180152406741,43.971806935766
2023090700,101,53959,19,48.18024754347094,44.372810121272
2023090700,101,53959,20,48.05933425199188,44.771918704633784
2023090700,101,53959,21,47.93906111857098,45.169132506347964
2023090700,101,54486,1,49.59300293932962,42.378973471285114
2023090700,101,54486,2,49.6069223542674,42.79509035858628
2023090700,101,54486,3,49.62174935510949,43.20834782506717
2023090700,101,54486,4,49.63747519627931,43.618743109571
2023090700,101,54486,5,49.65409127197182,44.026273523728285
2023090700,101,54486,6,49.6715891119653,44.43093644920579
2023090700,101,54486,7,49.689960377592506,44.832729335088324
2023090700,101,54486,8,49.70919685786399,45.231649695385805
2023090700,101,54486,9,49.7292904657363,45.62769510665828
2023090700,101,54486,10,49.7502332345186,46.020863205752285
2023090700,101,54486,11,49.772017314411286,46.41115168764223
2023090700,101,54486,12,49.79463496917058,46.798558303370996
2023090700,101,54486,13,49.818078572893576,47.183080858084224
2023090700,101,54486,14,49.842340606918206,47.56471720915321
2023090700,101,54486,15,49.86741365683312,47.94346526438156
2023090700,101,54486,16,49.8932904095926,48.31932298029115
2023090700,101,54486,17,49.919963650731965,48.692288360483154
2023090700,101,54486,18,49.94742626167905,49.06235945407021
2023090700,101,54486,19,49.975671217157675,49.42953435417593
2023090700,101,54486,20,50.00469158267916,49.79381119649837
2023090700,101,54486,21,50.034480512118094,50.15518815793413
2023090700,101,54527,1,57.026961051799994,35.80333230598696
2023090700,101,54527,2,56.82443358684518,36.01370853612958
2023090700,101,54527,3,56.62243074904648,36.2211309948088
2023090700,101,54527,4,56.42096550106352,36.42560201372004
2023090700,101,54527,5,56.22005062934554,36.627123950488624
2023090700,101,54527,6,56.01969874900522,36.825699187369395
2023090700,101,54527,7,55.819922308532036,37.02133013002532
2023090700,101,54527,8,55.62073359435168,37.21401920638062
2023090700,101,54527,9,55.42214473523764,37.40376886554398
2023090700,101,54527,10,55.224167706580786,37.59058157679781
2023090700,101,54527,11,55.026814334522626,37.77445982864977
2023090700,101,54527,12,54.830096299957546,37.95540612794295
2023090700,101,54527,13,54.63402514240922,38.133422999021484
2023090700,101,54527,14,54.4386122637861,38.30851298294832
2023090700,101,54527,15,54.243868932020625,38.48067863677239
2023090700,101,54527,16,54.04980628459675,38.64992253284227
2023090700,101,54527,17,53.85643533196999,38.81624725816397
2023090700,101,54527,18,53.663766960884175,38.97965541380023
2023090700,101,54527,19,53.47181193758883,39.14014961430921
2023090700,101,54527,20,53.280580910960985,39.297732487220394
2023090700,101,54527,21,53.09008441553495,39.452406672545756
2023090700,194,41325,1,88.72481023351054,21.674190668913027
2023090700,194,41325,2,88.4646214710324,21.118481467228346
2023090700,194,41325,3,88.19951108572434,20.563654090218126
2023090700,194,41325,4,87.9297022302283,20.0105367902465
2023090700,194,41325,5,87.65557163524475,19.459933959074977
2023090700,194,41325,6,87.37761875470807,18.912554498666314
2023090700,194,41325,7,87.09640766675074,18.368967672044047
2023090700,194,41325,8,86.81250790884955,17.829596416731185
2023090700,194,41325,9,86.52645318781956,17.294736937388492
2023090700,194,44822,1,97.52430122392714,29.661346418427165
2023090700,194,44822,2,97.42851778789031,29.652639613840925
2023090700,194,44822,3,97.33264984930206,29.64387933666873
2023090700,194,44822,4,97.23669756815863,29.635065334902297
2023090700,194,44822,5,97.14066110709653,29.62619735406655
2023090700,194,44822,6,97.04454063145056,29.617275137188194
2023090700,194,44822,7,96.94833630931332,29.60829842476398
2023090700,194,44822,8,96.85204831159642,29.599266954728666
2023090700,194,44822,9,96.75567681209316,29.59018046242266
2023090700,194,44888,1,85.03792620698059,31.26287529796126
2023090700,194,44888,2,84.72582153415948,31.292750755169116
2023090700,194,44888,3,84.41378417745004,31.319626968029585
2023090700,194,44888,4,84.10191153701692,31.343507706525248
2023090700,194,44888,5,83.79029998281797,31.36439982793116
2023090700,194,44888,6,83.479044634713,31.382313171842917
2023090700,194,44888,7,83.16823915916585,31.39726043874385
2023090700,194,44888,8,82.8579755841239,31.409257054528954
2023090700,194,44888,9,82.5483441332062,31.41832102351127
2023090700,194,44906,1,76.80910685261136,40.27077192650492
2023090700,194,44906,2,76.9194196535864,39.658796911500765
2023090700,194,44906,3,77.0309586675529,39.04408394091219
2023090700,194,44906,4,77.14374537525305,38.426642736572546
2023090700,194,44906,5,77.25780258889232,37.80648384687935
2023090700,194,44906,6,77.37315458207527,37.18361875229333
2023090700,194,44906,7,77.48982723658456,36.558059988719855
2023090700,194,44906,8,77.60784820865378,35.929821292559225
2023090700,194,44906,9,77.72724711785014,35.29891777217436
2023090700,194,46213,1,77.94150465924281,18.026329209499877
2023090700,194,46213,2,77.99477495156792,17.673597854367163
2023090700,194,46213,3,78.04977009090457,17.32187887356906
2023090700,194,46213,4,78.1064477329177,16.971241180783892
2023090700,194,46213,5,78.16476437131135,16.621749651122048
2023090700,194,46213,6,78.22467570413464,16.27346516277456
2023090700,194,46213,7,78.2861369655484,15.92644468409525
2023090700,194,46213,8,78.34910322066224,15.580741396768001
2023090700,194,46213,9,78.41352962284911,15.236404846298736
2023090700,194,46243,1,83.9685410572883,40.4810687067578
2023090700,194,46243,2,84.03718570262501,40.51014009804485
2023090700,194,46243,3,84.10592648509761,40.53721380136198
2023090700,194,46243,4,84.17475597206385,40.562289472875705
2023090700,194,46243,5,84.24366674781609,40.58536679714524
2023090700,194,46243,6,84.31265141225794,40.606445486871614
2023090700,194,46243,7,84.3817025795921,40.62552528266851
2023090700,194,46243,8,84.45081287701858,40.64260595285442
2023090700,194,46243,9,84.5199749434421,40.65768729326571
2023090700,194,47888,1,83.63212122656074,40.821776476987246
2023090700,194,47888,2,83.74444770142908,40.820559983511785
2023090700,194,47888,3,83.85696188114886,40.81634936813722
2023090700,194,47888,4,83.96964619790853,40.80914358124083
2023090700,194,47888,5,84.08248305578111,40.7989416751436
2023090700,194,47888,6,84.19545482694068,40.78574280433837
2023090700,194,47888,7,84.30854384785255,40.76954622581711
2023090700,194,47888,8,84.42173241543398,40.75035129949836
2023090700,194,47888,9,84.53500278318234,40.72815748875608
2023090700,194,53591,1,78.37523926983899,27.923207340557063
2023090700,194,53591,2,78.93193553676439,27.635044586736928
2023090700,194,53591,3,79.49006056926841,27.34548232301325
2023090700,194,53591,4,80.04958105958224,27.054487335842143
2023090700,194,53591,5,80.61045720735376,26.762021909366407
2023090700,194,53591,6,81.17264076431432,26.468042983632493
2023090700,194,53591,7,81.73607228205691,26.172501178324993
2023090700,194,53591,8,82.30067716256856,25.87533973776619
2023090700,194,53591,9,82.86635989177121,25.57649358934969
2023090700,194,53953,1,77.22496084811226,17.717786446224846
2023090700,194,53953,2,77.35258046408173,17.276962479227745
2023090700,194,53953,3,77.48278441529204,16.837662063778602
2023090700,194,53953,4,77.61549364931804,16.40001196829775
2023090700,194,53953,5,77.75062545621053,15.964131375210794
2023090700,194,53953,6,77.88809440954321,15.53013167142589
2023090700,194,53953,7,78.02781325658736,15.098116401155336
2023090700,194,53953,8,78.16969373559782,14.668181358123784
2023090700,194,53953,9,78.31364730584703,14.240414791718472
2023090700,194,54519,1,78.2558825540531,44.296841215032146
2023090700,194,54519,2,78.61233356418475,43.551764916740595
2023090700,194,54519,3,78.96934204227004,42.80476788183819
2023090700,194,54519,4,79.32689616052316,42.05584671688776
2023090700,194,54519,5,79.68498315062061,41.304997846768536
2023090700,194,54519,6,80.04358918616549,40.55221750274879
2023090700,194,54519,7,80.40269924495915,39.797501710421045
2023090700,194,54519,8,80.76229694662425,39.04084627792047
2023090700,194,54519,9,81.12236435991385,38.28224678509674
2023090700,194,54562,1,67.28691031182562,33.40110186803031
2023090700,194,54562,2,67.88632444777085,33.160551203480885
2023090700,194,54562,3,68.48823193509782,32.91833224698762
2023090700,194,54562,4,69.09262152495928,32.6744283079713
2023090700,194,54562,5,69.69948110264261,32.4288216771964
2023090700,194,54562,6,70.30879758374762,32.181493528309694
2023090700,194,54562,7,70.92055679350212,31.932423806644362
2023090700,194,54562,8,71.53474332574244,31.681591103268705
2023090700,194,54562,9,72.15134037721657,31.42897251189416
2023090700,194,54653,1,90.47269909477592,22.299395659980153
2023090700,194,54653,2,90.15241287227266,21.84849487855757
2023090700,194,54653,3,89.82912718580232,21.397537418589987
2023090700,194,54653,4,89.50284926538588,20.946795672181775
2023090700,194,54653,5,89.17361677312542,20.49657402320035
2023090700,194,54653,6,88.84150770619114,20.047204027945
2023090700,194,54653,7,88.50664910468514,19.59903405577715
2023090700,194,54653,8,88.16922152005684,19.15241338067431
2023090700,194,54653,9,87.82945635619308,18.707673056329885
2023090700,194,55910,1,78.09630577949608,27.18441301633825
2023090700,194,55910,2,78.64496093929257,26.87696044693891
2023090700,194,55910,3,79.19594222579244,26.567613376987236
2023090700,194,55910,4,79.74922208376084,26.256338467103674
2023090700,194,55910,5,80.30476735282136,25.943096856946774
2023090700,194,55910,6,80.86253739296781,25.62784268853348
2023090700,194,55910,7,81.4224812990277,25.31052108117513
2023090700,194,55910,8,81.98453359883241,24.99106530601166
2023090700,194,55910,9,82.5486073016242,24.669392793186642
2023090700,219,44822,1,85.76710562600809,23.077754506810873
2023090700,219,44822,2,85.66414623055647,23.185433038570142
2023090700,219,44822,3,85.56112255437246,23.293034967547918
2023090700,219,44822,4,85.45803534264881,23.40055967454764
2023090700,219,44822,5,85.35488534480928,23.508006549019807
2023090700,219,44822,6,85.25167331427252,23.61537498916805
2023090700,219,44822,7,85.1484000082147,23.722664402047496
2023090700,219,44822,8,85.04506618733105,23.829874203655407
2023090700,219,44888,1,72.82953475034107,16.50253112001891
2023090700,219,44888,2,72.63061786423147,16.222492693921616
2023090700,219,44888,3,72.4333883685673,15.939973802073721
2023090700,219,44888,4,72.2379858383111,15.655075373676489
2023090700,219,44888,5,72.0445488078649,15.367910492713671
2023090700,219,44888,6,71.85321299795984,15.078604381047622
2023090700,219,44888,7,71.66410942972911,14.787294000498317
2023090700,219,44888,8,71.47736252188177,14.494127239476338
2023090700,219,44906,1,71.35170105939797,43.53371446954517
2023090700,219,44906,2,71.31381916958445,43.084458069170005
2023090700,219,44906,3,71.27636363325551,42.632232119646865
2023090700,219,44906,4,71.23934400930723,42.17703800910644
2023090700,219,44906,5,71.20277012514022,41.71887719745749
2023090700,219,44906,6,71.16665208976117,41.25775122117669
2023090700,219,44906,7,71.13100030774666,40.79366169850639
2023090700,219,44906,8,71.09582549414057,40.32661033510254
2023090700,219,46243,1,73.75483042143685,14.326669430773373
2023090700,219,46243,2,73.64084907414295,13.611730102962538
2023090700,219,46243,3,73.52831019209961,12.895405390227175
2023090700,219,46243,4,73.41748225302788,12.178044979080054
2023090700,219,46243,5,73.3085788087626,11.460140218251793
2023090700,219,46243,6,73.20167522568194,10.742258954117753
2023090700,219,46243,7,73.0966963934816,10.024921133763328
2023090700,219,46243,8,72.99348315757823,9.308522817081629
2023090700,219,46309,1,75.22764361714091,42.76936973697321
2023090700,219,46309,2,75.20532701971781,42.086739869769744
2023090700,219,46309,3,75.18305255282105,41.4021104464262
2023090700,219,46309,4,75.16082266854717,40.715481520113826
2023090700,219,46309,5,75.13863993382925,40.02685314971728
2023090700,219,46309,6,75.11650703905642,39.336225400492296
2023090700,219,46309,7,75.09442680758445,38.643598344815175
2023090700,219,46309,8,75.07240220625636,37.94897206303964
2023090700,219,47888,1,64.38393042663563,32.898696810473474
2023090700,219,47888,2,64.27927724132041,32.60474903323748
2023090700,219,47888,3,64.17606575530691,32.308170381170584
2023090700,219,47888,4,64.07432158682082,32.00897505592586
2023090700,219,47888,5,63.97407066459968,31.707177767032007
2023090700,219,47888,6,63.875339231157405,31.40279375181262
2023090700,219,47888,7,63.77815384573493,31.095838796153274
2023090700,219,47888,8,63.68254138689304,30.78632925614608
2023090700,219,52440,1,82.13438537147404,26.86913385244815
2023090700,219,52440,2,82.2680142071805,26.586416312676686
2023090700,219,52440,3,82.4008605511257,26.30185820066924
2023090700,219,52440,4,82.53289793853837,26.015470993575555
2023090700,219,52440,5,82.66409939268672,25.727266861861175
2023090700,219,52440,6,82.7944374230782,25.43725870716767
2023090700,219,52440,7,82.92388402524257,25.145460201893275
2023090700,219,52440,8,83.05241068231801,24.851885830488477
2023090700,219,53542,1,74.29558576403016,23.558351155863633
2023090700,219,53542,2,74.35155476447875,23.39372689102284
2023090700,219,53542,3,74.40789844861693,23.226126116374832
2023090700,219,53542,4,74.46460801191914,23.055547736831098
2023090700,219,53542,5,74.5216743823828,22.881990651678507
2023090700,219,53542,6,74.57908820356106,22.705453755050083
2023090700,219,53542,7,74.63683981617064,22.525935936524963
2023090700,219,53542,8,74.69491923811891,22.343436081880647
2023090700,219,53591,1,75.97223419457372,9.84004239884323
2023090700,219,53591,2,75.96409898088223,9.46507112973644
2023090700,219,53591,3,75.95568247396655,9.095091939301797
2023090700,219,53591,4,75.94704553851638,8.730107885542349
2023090700,219,53591,5,75.93823289493815,8.370120741682857
2023090700,219,53591,6,75.92927890112426,8.015131597832472
2023090700,219,53591,7,75.92021086013804,7.6651411516982115
2023090700,219,53591,8,75.91105105034707,7.320149862034428
2023090700,219,53953,1,71.09902132765686,8.974950169446299
2023090700,219,53953,2,71.03069405862892,8.701303926122387
2023090700,219,53953,3,70.96496340149059,8.429160215148228
2023090700,219,53953,4,70.90177493796668,8.158609378464272
2023090700,219,53953,5,70.84107503799198,7.889733966635078
2023090700,219,53953,6,70.78281116020715,7.622609495402392
2023090700,219,53953,7,70.72693206172876,7.357305140879067
2023090700,219,53953,8,70.67338793707991,7.0938843718942195
2023090700,219,54519,1,75.08374007195158,32.24263772257119
2023090700,219,54519,2,74.88755394045525,31.603276807185246
2023090700,219,54519,3,74.69146340198436,30.961918177711603
2023090700,219,54519,4,74.49549164891727,30.31856307895001
2023090700,219,54519,5,74.2996634028558,29.67321313550385
2023090700,219,54519,6,74.10400506409785,29.02587042235955
2023090700,219,54519,7,73.90854487947138,28.376537549802986
2023090700,219,54519,8,73.71331313101709,27.725217765963908
2023090700,219,54562,1,66.50246991100292,15.998221142043432
2023090700,219,54562,2,66.44764197202123,15.675139063629755
2023090700,219,54562,3,66.39555478389399,15.35083703316583
2023090700,219,54562,4,66.34624494509237,15.025400838269022
2023090700,219,54562,5,66.29974685658551,14.698918670855955
2023090700,219,54562,6,66.25609253140503,14.371480988735021
2023090700,219,54562,7,66.2153114118649,14.04318035380462
2023090700,219,54562,8,66.17743019747671,13.714111247466928
2023090700,219,55910,1,75.21568755131591,31.505405578435667
2023090700,219,55910,2,75.17147012832486,31.27781266237929
2023090700,219,55910,3,75.12735551554636,31.0472215086487
2023090700,219,55910,4,75.08335167772115,30.813632400950823
2023090700,219,55910,5,75.03946676848254,30.57704565166988
2023090700,219,55910,6,74.99570913957558,30.337461603809388
2023090700,219,55910,7,74.95208735066903,30.09488063310367
2023090700,219,55910,8,74.90861017980919,29.849303150316516
2023090700,361,38696,1,34.32780925533841,48.3796583361048
2023090700,361,38696,2,34.460641999715804,48.42980075134204
2023090700,361,38696,3,34.588494752585994,48.48039002072965
2023090700,361,38696,4,34.711364402097225,48.53138999079113
2023090700,361,38696,5,34.82924817498356,48.582765498455885
2023090700,361,38696,6,34.94214360995985,48.63448229658437
2023090700,361,38696,7,35.0500485341722,48.68650698539315
2023090700,361,38696,8,35.15296104232328,48.73880694914277
2023090700,361,38696,9,35.250879478147816,48.79135029752782
2023090700,361,38696,10,35.343802417960866,48.844105811273444
2023090700,361,38696,11,35.431728656040995,48.897042891499304
2023090700,361,38696,12,35.514657191644005,48.95013151246077
2023090700,361,38696,13,35.5925872174713,49.0033421773194
2023090700,361,38696,14,35.6655181094412,49.05664587663148
2023090700,361,38696,15,35.73344941763215,49.110014049275534
2023090700,361,38696,16,35.79638085828461,49.1634185455673
2023090700,361,43290,1,7.9828785610655695,25.39288206278928
2023090700,361,43290,2,8.335817712913812,25.045843679059857
2023090700,361,43290,3,8.688816143823129,24.69888583098869
2023090700,361,43290,4,9.04187253239666,24.352009474687
2023090700,361,43290,5,9.39498554879037,24.005215539798296
2023090700,361,43290,6,9.748153855941478,23.65850492916467
2023090700,361,43290,7,10.101376110792234,23.31187851856099
2023090700,361,43290,8,10.454650965504213,22.96533715649605
2023090700,361,43290,9,10.807977068658513,22.618881664079442
2023090700,361,43290,10,11.1613530664375,22.272512834952494
2023090700,361,43290,11,11.514777603784,21.926231435281313
2023090700,361,43290,12,11.868249325534162,21.580038203809636
2023090700,361,43290,13,12.221766877520526,21.233933851968953
2023090700,361,43290,14,12.575328907642152,20.887919064043118
2023090700,361,43290,15,12.928934066899043,20.541994497384472
2023090700,361,43290,16,13.282581010388395,20.196160782678383
2023090700,361,43584,1,50.68554733452751,22.71821272104969
2023090700,361,43584,2,50.149733354041146,23.177890645570397
2023090700,361,43584,3,49.61256135713954,23.639036831372373
2023090700,361,43584,4,49.074034783170724,24.10165445209936
2023090700,361,43584,5,48.53415722176949,24.56574680423316
2023090700,361,43584,6,47.992932423277054,25.03131731467373
2023090700,361,43584,7,47.450364310146995,25.498369548954596
2023090700,361,43584,8,46.906456989456565,25.96690722016087
2023090700,361,43584,9,46.361214766659955,26.43693419862566
2023090700,361,43584,10,45.81464216074071,26.908454522490675
2023090700,361,43584,11,45.26674392094502,27.381472409228042
2023090700,361,43584,12,44.7175250453062,27.855992268233543
2023090700,361,43584,13,44.1669908012052,28.33201871461656
2023090700,361,43584,14,43.61514674825269,28.809556584329588
2023090700,361,43584,15,43.06199876382751,29.288610950800543
2023090700,361,43584,16,42.50755307166529,29.76918714325472
2023090700,361,46137,1,35.74082429296603,46.76122410406137
2023090700,361,46137,2,35.81873876837471,46.80317824919827
2023090700,361,46137,3,35.893739125257866,46.84584507337945
2023090700,361,46137,4,35.96582121913189,46.88920741119937
2023090700,361,46137,5,36.03498105517149,46.93324828226975
2023090700,361,46137,6,36.10121478185094,46.97795088005507
2023090700,361,46137,7,36.16451868501939,47.02329856111926
2023090700,361,46137,8,36.22488918238011,47.06927483475298
2023090700,361,46137,9,36.28232281834622,47.1158633529526
2023090700,361,46137,10,36.33681625924784,47.16304790072377
2023090700,361,46137,11,36.388366288868006,47.21081238668395
2023090700,361,46137,12,36.43696980428684,47.259140833939746
2023090700,361,46137,13,36.48262381201499,47.30801737121607
2023090700,361,46137,14,36.52532542439954,47.35742622421534
2023090700,361,46137,15,36.56507185628674,47.40735170718604
2023090700,361,46137,16,36.60186042192773,47.457778214680744
2023090700,361,47882,1,32.38098317010365,30.374413318916016
2023090700,361,47882,2,33.02101596117413,30.4616721217602
2023090700,361,47882,3,33.660008355831884,30.551744743077993
2023090700,361,47882,4,34.29787260840754,30.64459716556624
2023090700,361,47882,5,34.93452340231981,30.740193220169793
2023090700,361,47882,6,35.56987798107836,30.838494792356904
2023090700,361,47882,7,36.2038562531147,30.939462031240055
2023090700,361,47882,8,36.836380871171,31.04305355845399
2023090700,361,47882,9,37.46737728742243,31.149226674014187
2023090700,361,47882,10,38.09677378586612,31.25793755673549
2023090700,361,47882,11,38.724501493778284,31.36914145717179
2023090700,361,47882,12,39.35049437422304,31.482792881424892
2023090700,361,47882,13,39.97468920169932,31.59884576454884
2023090700,361,47882,14,40.597025523045325,31.71725363263241
2023090700,361,47882,15,41.21744560569387,31.8379697529685
2023090700,361,47882,16,41.835894375298196,31.96094727200878
2023090700,361,52546,1,44.524387317948516,12.408613032834193
2023090700,361,52546,2,44.57743073774741,12.629908217290833
2023090700,361,52546,3,44.62912067003894,12.853880727115799
2023090700,361,52546,4,44.67944746068826,13.08052565989043
2023090700,361,52546,5,44.72840138912324,13.309838035053774
2023090700,361,52546,6,44.775972666639746,13.54181279185623
2023090700,361,52546,7,44.82215143467147,13.77644478724177
2023090700,361,52546,8,44.86692776302328,14.013728793655709
2023090700,361,52546,9,44.91029164806694,14.25365949677492
2023090700,361,52546,10,44.95223301089818,14.49623149315718
2023090700,361,52546,11,44.992741695453944,14.741439287806188
2023090700,361,52546,12,45.031807466588674,14.989277291648616
2023090700,361,52546,13,45.069420008108565,15.2397398189194
2023090700,361,52546,14,45.105568920762494,15.492821084451215
2023090700,361,52546,15,45.140243720188515,15.74851520086395
2023090700,361,52546,16,45.17343383481464,16.00681617564973
2023090700,361,53541,1,31.84816003217388,35.58967873555253
2023090700,361,53541,2,32.54554096741588,35.81119948289346
2023090700,361,53541,3,33.24205331869479,36.03452177439427
2023090700,361,53541,4,33.93761087343236,36.259601439796654
2023090700,361,53541,5,34.632131140969285,36.4863910861153
2023090700,361,53541,6,35.32553570402251,36.7148406128459
2023090700,361,53541,7,36.01775047138105,36.9448977420426
2023090700,361,53541,8,36.708705834371266,37.17650854434814
2023090700,361,53541,9,37.39833673395661,37.409617944728474
2023090700,361,53541,10,38.08658264848245,37.64417019502984
2023090700,361,53541,11,38.77338751398685,37.880109304097225
2023090700,361,53541,12,39.4586995897753,38.11737941969834
2023090700,361,53541,13,40.142471281801384,38.355925159618515
2023090700,361,53541,14,40.82465893555008,38.595691891874694
2023090700,361,53541,15,41.505222608829186,38.83662596598021
2023090700,361,53541,16,42.18412583335091,39.07867489859378
2023090700,361,54486,1,52.13385310768618,24.327883002979004
2023090700,361,54486,2,51.76553621630749,24.6878375038601
2023090700,361,54486,3,51.39504897295881,25.04986313289247
2023090700,361,54486,4,51.02239101437352,25.4139595093374
2023090700,361,54486,5,50.647561966395706,25.780126240903318
2023090700,361,54486,6,50.270561443415474,26.148362923140898
2023090700,361,54486,7,49.89138904776396,26.518669138794635
2023090700,361,54486,8,49.5100443690644,26.891044457106865
2023090700,361,54486,9,49.12652698353521,27.265488433069734
2023090700,361,54486,10,48.74083645324031,27.642000606620137
2023090700,361,54486,11,48.352972325281925,28.020580501772017
2023090700,361,54486,12,47.96293413092975,28.4012276256798
2023090700,361,54486,13,47.57072138468044,28.783941467625894
2023090700,361,54486,14,47.17633358323995,29.16872149792437
2023090700,361,54486,15,46.7797702044208,29.5555671667319
2023090700,361,54486,16,46.38103070594494,29.944477902755846
2023090700,361,54495,1,25.02749731726148,13.307983346938205
2023090700,361,54495,2,24.555084288584396,13.378965353851749
2023090700,361,54495,3,24.082800598034982,13.452944571326203
2023090700,361,54495,4,23.610686022352198,13.529919018284163
2023090700,361,54495,5,23.138780416834948,13.609886178219712
2023090700,361,54495,6,22.667123700994196,13.69284299589899
2023090700,361,54495,7,22.195755843991936,13.778785874539896
2023090700,361,54495,8,21.72471684988993,13.867710673482796
2023090700,361,54495,9,21.254046742732125,13.959612706362847
2023090700,361,54495,10,20.783785551485337,14.054486739793271
2023090700,361,54495,11,20.313973294863672,14.152326992567522
2023090700,361,54495,12,19.844649966062633,14.253127135386894
2023090700,361,54495,13,19.37585551742955,14.35688029111864
2023090700,361,54495,14,18.907629845097233,14.463579035588172
2023090700,361,54495,15,18.440012773608224,14.573215398907353
2023090700,361,54495,16,17.973044040557106,14.685780867339384
2023090700,361,54527,1,50.80982601679146,34.597614420005435
2023090700,361,54527,2,51.13706839013944,34.69675356488099
2023090700,361,54527,3,51.461713949795346,34.79739489417478
2023090700,361,54527,4,51.78374992718075,34.8995161152741
2023090700,361,54527,5,52.103163941540984,35.00309518042618
2023090700,361,54527,6,52.419943986634244,35.108110283632364
2023090700,361,54527,7,52.734078417936495,35.21453985743411
2023090700,361,54527,8,53.04555594034306,35.32236256960713
2023090700,361,54527,9,53.35436559634809,35.43155731977872
2023090700,361,54527,10,53.660496754683706,35.542103235982026
2023090700,361,54527,11,53.96393909940105,35.65397967115958
2023090700,361,54527,12,54.26468261937606,35.767166199627326
2023090700,361,54527,13,54.562717598223244,35.881642613509314
2023090700,361,54527,14,54.8580346046014,35.9973889191523
2023090700,361,54527,15,55.1506244828956,36.11438533352844
2023090700,361,54527,16,55.44047834426044,36.23261228063359
2023090700,361,55899,1,23.647143261402075,11.579364436269334
2023090700,361,55899,2,23.04441671499309,11.590724630485319
2023090700,361,55899,3,22.441852211499988,11.604078249362857
2023090700,361,55899,4,21.83948149885514,11.61942245732286
2023090700,361,55899,5,21.237336201883686,11.636753921572968
2023090700,361,55899,6,20.635447802380366,11.656068818070354
2023090700,361,55899,7,20.033847619635324,11.677362838335794
2023090700,361,55899,8,19.432566791465046,11.700631197084117
2023090700,361,55899,9,18.83163625580102,11.725868640632523
2023090700,361,55899,10,18.231086732884783,11.753069456044926
2023090700,361,55899,11,17.63094870811385,11.782227480967636
2023090700,361,55899,12,17.03125241557861,11.813336114109163
2023090700,361,55899,13,16.43202782232579,11.84638832631492
2023090700,361,55899,14,15.833304613379353,11.881376672185965
2023090700,361,55899,15,15.235112177545087,11.918293302189758
2023090700,361,55899,16,14.637479594020324,11.957129975210108
2023090700,436,38696,1,38.36066325991374,40.98501606852843
2023090700,436,38696,2,38.460345387204214,41.68828932965362
2023090700,436,38696,3,38.55910504600364,42.389788034256874
2023090700,436,38696,4,38.656992368638505,43.08948700869563
2023090700,436,38696,5,38.75405060185816,43.78736592548112
2023090700,436,38696,6,38.85031738251312,44.483408105481296
2023090700,436,38696,7,38.945825732030194,45.17759966897796
2023090700,436,43290,1,23.79667341109093,29.81719131679353
2023090700,436,43290,2,23.81343798104752,29.754423743921127
2023090700,436,43290,3,23.83029349221864,29.691697760637066
2023090700,436,43290,4,23.847239724826206,29.62901384419658
2023090700,436,43290,5,23.864276456992226,29.56637246983269
2023090700,436,43290,6,23.881403464766038,29.50377411073353
2023090700,436,43290,7,23.89862052215176,29.441219238020278
2023090700,436,44930,1,35.00644899103961,18.284364432838657
2023090700,436,44930,2,34.652883897745,18.450728815963632
2023090700,436,44930,3,34.29934777221645,18.619092989172554
2023090700,436,44930,4,33.94588451414417,18.78945583440068
2023090700,436,44930,5,33.59253884181294,18.96181521991022
2023090700,436,44930,6,33.23935625745587,19.13616794478121
2023090700,436,44930,7,32.88638300671571,19.31250968421463
2023090700,436,46137,1,36.15659319480553,39.32074211808199
2023090700,436,46137,2,36.16237370116932,39.38859641109191
2023090700,436,46137,3,36.16734932675924,39.453560693177224
2023090700,436,46137,4,36.17152767235304,39.5156328582416
2023090700,436,46137,5,36.17491614898723,39.574810873460414
2023090700,436,46137,6,36.17752199369399,39.63109277341709
2023090700,436,46137,7,36.17935228399339,39.68447665478392
2023090700,436,52546,1,35.65727731094953,8.453706338071882
2023090700,436,52546,2,35.434467356707536,9.010411406559115
2023090700,436,52546,3,35.2115941298364,9.570115807618294
2023090700,436,52546,4,34.98868269661376,10.132819965261245
2023090700,436,52546,5,34.76575927143631,10.698524098814751
2023090700,436,52546,6,34.54285129785899,11.26722819245163
2023090700,436,52546,7,34.31998753696069,11.838931960149948
2023090700,436,53487,1,31.89644824719382,28.89153201589659
2023090700,436,53487,2,32.15424871890881,28.68574199485007
2023090700,436,53487,3,32.413271116010264,28.482691845273163
2023090700,436,53487,4,32.673385530219996,28.282435885380185
2023090700,436,53487,5,32.93446325333912,28.085021057891296
2023090700,436,53487,6,33.196377493621185,27.89048724350017
2023090700,436,53487,7,33.45900399032247,27.698867650835332
2023090700,436,53541,1,33.50947031118788,38.11552807422812
2023090700,436,53541,2,33.350872509574565,38.426444446182984
2023090700,436,53541,3,33.19423730769857,38.73276210206489
2023090700,436,53541,4,33.03959037126547,39.034492080015234
2023090700,436,53541,5,32.886953515915685,39.331643896415834
2023090700,436,53541,6,32.736345551286846,39.6242258558916
2023090700,436,53541,7,32.58778289363693,39.9122452820946
2023090700,436,54486,1,38.507348813268294,16.975452521224405
2023090700,436,54486,2,38.10410160581574,16.983845239434
2023090700,436,54486,3,37.70032236309144,16.995190403659432
2023090700,436,54486,4,37.29607590107517,17.009498962076616
2023090700,436,54486,5,36.891427807998824,17.026780514185358
2023090700,436,54486,6,36.486444381703905,17.04704326582235
2023090700,436,54486,7,36.08119256282726,17.07029398740788
2023090700,436,54527,1,53.28716939685877,29.74175190434376
2023090700,436,54527,2,53.62144694364572,29.83430205815915
2023090700,436,54527,3,53.95282542561065,29.92762384804751
2023090700,436,54527,4,54.281298080194105,30.02169140352536
2023090700,436,54527,5,54.60685856611399,30.116479564841274
2023090700,436,54527,6,54.92950093493428,30.211963852370637
2023090700,436,54527,7,55.24921960489222,30.308120437517776
2023090700,436,54600,1,42.908386495236186,43.03068473782181
2023090700,436,54600,2,42.934676952926864,43.40922317067008
2023090700,436,54600,3,42.95891663498694,43.78557201045493
2023090700,436,54600,4,42.98114943646288,44.15969095588607
2023090700,436,54600,5,43.00141789697363,44.53154244390508
2023090700,436,54600,6,43.01976322181557,44.90109142290634
2023090700,436,54600,7,43.03622531034246,45.268305146120376
2023090700,436,55899,1,35.21029410416708,7.7780335806565235
2023090700,436,55899,2,34.92056452128148,8.428067020965052
2023090700,436,55899,3,34.630832622149434,9.080100459856551
2023090700,436,55899,4,34.34112085935274,9.73413379729978
2023090700,436,55899,5,34.05145284606619,10.390166656101117
2023090700,436,55899,6,33.76185344175971,11.048198337676133
2023090700,436,55899,7,33.47234884538318,11.708227770767296
2023090700,461,43290,1,37.64135544109462,28.920506466943007
2023090700,461,43290,2,37.62279841713443,28.90096458481765
2023090700,461,43290,3,37.60432898844573,28.881374463004725
2023090700,461,43290,4,37.585947215179075,28.861736210889216
2023090700,461,43290,5,37.56765315730994,28.84204993786076
2023090700,461,43290,6,37.54944687463929,28.82231575331411
2023090700,461,43290,7,37.53132842679413,28.8025337666496
2023090700,461,43290,8,37.51329787322816,28.78270408727359
2023090700,461,43290,9,37.495355273222295,28.76282682459895
2023090700,461,43290,10,37.47750068588527,28.742902088045508
2023090700,461,44930,1,51.92824260797339,14.591818979777235
2023090700,461,44930,2,52.039908791688866,15.207282012317537
2023090700,461,44930,3,52.15522524455027,15.82616199170119
2023090700,461,44930,4,52.27444603139001,16.44816545724414
2023090700,461,44930,5,52.39784916515679,17.07290898896838
2023090700,461,44930,6,52.52572391640476,17.699889622471737
2023090700,461,44930,7,52.658341233614955,18.328453939680994
2023090700,461,44930,8,52.795900112624714,18.957780458821556
2023090700,461,44930,9,52.93845478609276,19.586901986040353
2023090700,461,44930,10,53.08585474546968,20.21478933816796
2023090700,461,46137,1,58.38933273544369,17.423423187531338
2023090700,461,46137,2,58.22605613751615,17.798326703756985
2023090700,461,46137,3,58.06003912351829,18.174450921691545
2023090700,461,46137,4,57.891152531636024,18.55145007662806
2023090700,461,46137,5,57.71929516121589,18.928866922696624
2023090700,461,46137,6,57.54444226138132,19.306120081277946
2023090700,461,46137,7,57.36670908287369,19.68253420220095
2023090700,461,46137,8,57.18638672800329,20.057433016192007
2023090700,461,46137,9,57.003901991981465,20.4302523837204
2023090700,461,46137,10,56.819724267239515,20.80059510434066
2023090700,461,47856,1,39.27088171179081,35.36201439299079
2023090700,461,47856,2,39.90318219593112,35.33261914607039
2023090700,461,47856,3,40.53687516346409,35.301788284419914
2023090700,461,47856,4,41.17193274160802,35.269495288191024
2023090700,461,47856,5,41.80832537000901,35.23571311754362
2023090700,461,47856,6,42.44602169214183,35.2004142457774
2023090700,461,47856,7,43.084988442293884,35.16357070179013
2023090700,461,47856,8,43.72519032877794,35.12515412320179
2023090700,461,47856,9,44.366589914274314,35.085135821577865
2023090700,461,47856,10,45.00914749450718,35.043486861256056
2023090700,461,52471,1,45.58501696141911,21.169595787749174
2023090700,461,52471,2,45.20295974865996,21.088528596192035
2023090700,461,52471,3,44.82383794075392,21.0068422142737
2023090700,461,52471,4,44.44765991905091,20.924577800178394
2023090700,461,52471,5,44.07443302914089,20.841774109163822
2023090700,461,52471,6,43.70416371776127,20.758467697812296
2023090700,461,52471,7,43.33685764900302,20.67469310731749
2023090700,461,52471,8,42.97251980331744,20.590483028160968
2023090700,461,52471,9,42.61115456217729,20.505868448277823
2023090700,461,52471,10,42.25276578072687,20.42087878657354
2023090700,461,52546,1,49.77870034096781,10.736397177556732
2023090700,461,52546,2,49.63921221394949,10.875185662285276
2023090700,461,52546,3,49.50158131703537,11.016330138219885
2023090700,461,52546,4,49.365852873353504,11.159794241261991
2023090700,461,52546,5,49.232071598719884,11.305540564914011
2023090700,461,52546,6,49.100281669034835,11.45353066741133
2023090700,461,52546,7,48.97052668749772,11.60372508028658
2023090700,461,52546,8,48.84284965171543,11.756083318395838
2023090700,461,52546,9,48.71729292078378,11.910563891431602
2023090700,461,52546,10,48.59389818242374,12.067124316942127
2023090700,461,53487,1,47.61454219205007,28.181909726231748
2023090700,461,53487,2,47.351075148316475,28.451575158277112
2023090700,461,53487,3,47.08960203043606,28.71899910458881
2023090700,461,53487,4,46.83012581742289,28.984184218706524
2023090700,461,53487,5,46.57264932228263,29.247133012832077
2023090700,461,53487,6,46.317175206652166,29.507847869847488
2023090700,461,53487,7,46.06370599375063,29.766331053994058
2023090700,461,53487,8,45.81224407987972,30.022584720394907
2023090700,461,53487,9,45.562791744671834,30.27661092357428
2023090700,461,53487,10,45.31535116025297,30.528411625103168
2023090700,461,53541,1,52.4460279199051,30.33453702820879
2023090700,461,53541,2,51.97263246113691,30.987158982742827
2023090700,461,53541,3,51.4998532335015,31.63787823956967
2023090700,461,53541,4,51.02772514746514,32.28670646122302
2023090700,461,53541,5,50.556279180940194,32.93365459978956
2023090700,461,53541,6,50.08554299320493,33.57873292191073
2023090700,461,53541,7,49.61554142095588,34.2219510452299
2023090700,461,53541,8,49.146296882652955,34.86331797997863
2023090700,461,53541,9,48.677829710866,35.50284217197806
2023090700,461,53541,10,48.21015842759655,36.140531544905336
2023090700,461,54486,1,52.097303972854654,38.40283826505814
2023090700,461,54486,2,51.97518154998293,39.01273187780496
2023090700,461,54486,3,51.853633197767884,39.619680929123355
2023090700,461,54486,4,51.73265935525519,40.22368550463914
2023090700,461,54486,5,51.61226043660394,40.824745685186905
2023090700,461,54486,6,51.492436833250615,41.42286154722187
2023090700,461,54486,7,51.37318891582703,42.01803316318553
2023090700,461,54486,8,51.25451703586649,42.61026060183127
2023090700,461,54486,9,51.136421527326696,43.199543928515396
2023090700,461,54486,10,51.018902707953366,43.78588320545802
2023090700,461,54527,1,61.65152285430049,28.54492206637367
2023090700,461,54527,2,61.171519345986994,28.74726145669805
2023090700,461,54527,3,60.690109836530375,28.94695072265136
2023090700,461,54527,4,60.20741872494242,29.143927518444773
2023090700,461,54527,5,59.7235737789609,29.33813507885974
2023090700,461,54527,6,59.23870539744572,29.529522607697178
2023090700,461,54527,7,58.75294582485682,29.718045563815387
2023090700,461,54527,8,58.26642834111736,29.90366583684923
2023090700,461,54527,9,57.779286451005,30.086351810121354
2023090700,461,54527,10,57.29165309641307,30.266078313662625
2023090700,461,55876,1,39.62032428915781,14.347195342129913
2023090700,461,55876,2,38.932576893809554,14.4349213431732
2023090700,461,55876,3,38.24676567142634,14.523148576491261
2023090700,461,55876,4,37.56289752138012,14.611849591882807
2023090700,461,55876,5,36.88097852065824,14.700998732799743
2023090700,461,55876,6,36.20101403749714,14.790571973579596
2023090700,461,55876,7,35.52300882694611,14.880546774369657
2023090700,461,55876,8,34.84696711157843,14.970901951657053
2023090700,461,55876,9,34.17289264994138,15.061617562552355
2023090700,461,55876,10,33.50078879484073,15.152674801192557
2023090700,461,55899,1,38.78347634154171,26.494109370903917
2023090700,461,55899,2,38.72877823033003,26.367401810461885
2023090700,461,55899,3,38.67591162569944,26.23989076808663
2023090700,461,55899,4,38.62488238902324,26.11158973927242
2023090700,461,55899,5,38.57569628393888,25.98251226631427
2023090700,461,55899,6,38.528358976536815,25.852671939042814
2023090700,461,55899,7,38.48287603551268,25.722082395574496
2023090700,461,55899,8,38.43925293228259,25.590757323076875
2023090700,461,55899,9,38.39749504106128,25.458710458548783
2023090700,461,55899,10,38.35760763890286,25.325955589615063
2023090700,461,55984,1,46.03099153715338,34.62037703631108
2023090700,461,55984,2,46.24357423171171,34.79821080363398
2023090700,461,55984,3,46.45771050547173,34.97347817451443
2023090700,461,55984,4,46.67336260918431,35.146156673325294
2023090700,461,55984,5,46.89049263796483,35.316224475575176
2023090700,461,55984,6,47.10906254645968,35.483660406732014
2023090700,461,55984,7,47.329034163752745,35.64844394057898
2023090700,461,55984,8,47.55036920799712,35.81055519712089
2023090700,461,55984,9,47.773029300758566,35.96997494005957
2023090700,461,55984,10,47.99697598105821,36.126684573856934
2023090700,530,43290,1,79.24455917019475,29.551769890480085
2023090700,530,43290,2,79.1791731296084,29.543456126071906
2023090700,530,43290,3,79.11384216496354,29.53505889526623
2023090700,530,43290,4,79.0485665613754,29.526578386899082
2023090700,530,43290,5,78.98334660235649,29.518014790140693
2023090700,530,43290,6,78.91818256982143,29.509368294484524
2023090700,530,43290,7,78.85307474409167,29.500639089736442
2023090700,530,43290,8,78.78802340390054,29.491827366004003
2023090700,530,44930,1,90.2924367446782,38.6185231359025
2023090700,530,44930,2,90.65473736175558,38.795050909948976
2023090700,530,44930,3,91.0168725028796,38.96958554140849
2023090700,530,44930,4,91.3788133566713,39.14212963221318
2023090700,530,44930,5,91.74053164708408,39.31268614529328
2023090700,530,44930,6,92.1019996308092,39.481258383635875
2023090700,530,44930,7,92.46319009381565,39.64784997008444
2023090700,530,44930,8,92.8240763471075,39.81246482789025
2023090700,530,46137,1,100.85641615750049,38.2413097972263
2023090700,530,46137,2,101.11143484491123,38.52996496139716
2023090700,530,46137,3,101.36504693216352,38.8159703189119
2023090700,530,46137,4,101.61724355872437,39.099330592238765
2023090700,530,46137,5,101.86801612025282,39.38005040384037
2023090700,530,46137,6,102.11735625611888,39.658134279921235
2023090700,530,46137,7,102.36525583771656,39.93358665400587
2023090700,530,46137,8,102.61170695750903,40.20641187035575
2023090700,530,46424,1,79.98968133611251,34.32034927925786
2023090700,530,46424,2,80.37018850258815,34.09887701965211
2023090700,530,46424,3,80.75149900263034,33.875573188373004
2023090700,530,46424,4,81.13358942287951,33.650427693694205
2023090700,530,46424,5,81.51643538465328,33.423430400807
2023090700,530,46424,6,81.90001149258542,33.19457115029937
2023090700,530,46424,7,82.28429128060809,32.96383977962581
2023090700,530,46424,8,82.66924715524549,32.73122614795356
2023090700,530,52471,1,91.19264059583045,37.83419674006134
2023090700,530,52471,2,91.53495249849634,37.83541154115356
2023090700,530,52471,3,91.87689142261681,37.833649618170895
2023090700,530,52471,4,92.21841332801807,37.8289168208047
2023090700,530,52471,5,92.55947443524461,37.82121962396162
2023090700,530,52471,6,92.9000312405395,37.810565117736715
2023090700,530,52471,7,93.24004053027829,37.796960996971656
2023090700,530,52471,8,93.57945939484304,37.78041555042809
2023090700,530,52546,1,91.17568084690298,8.344554885789277
2023090700,530,52546,2,91.06032977837424,8.571926711061561
2023090700,530,52546,3,90.94395896441345,8.802119904206448
2023090700,530,52546,4,90.82658151855723,9.035139170518725
2023090700,530,52546,5,90.70821162394988,9.270989521903788
2023090700,530,52546,6,90.58886468310924,9.509676310799765
2023090700,530,52546,7,90.46855749723724,9.751205269016106
2023090700,530,52546,8,90.34730848274229,9.995582552296005
2023090700,530,53487,1,91.60488842213032,30.26651317022058
2023090700,530,53487,2,91.62920954802243,30.470080466409502
2023090700,530,53487,3,91.65296613384727,30.670701359136576
2023090700,530,53487,4,91.67616086551774,30.868375335038987
2023090700,530,53487,5,91.69879636232199,31.063101895931474
2023090700,530,53487,6,91.72087518031738,31.254880557980094
2023090700,530,53487,7,91.74239981550535,31.44371085093396
2023090700,530,53487,8,91.7633727068048,31.629592317409898
2023090700,530,53541,1,88.91344760175008,17.445931812847356
2023090700,530,53541,2,88.57641502467077,17.666886738434382
2023090700,530,53541,3,88.23960609512301,17.882846670318493
2023090700,530,53541,4,87.90360448687902,18.093872211218116
2023090700,530,53541,5,87.56888515002973,18.300064971989833
2023090700,530,53541,6,87.23583291568008,18.50154384324378
2023090700,530,53541,7,86.90476088159733,18.698431549799576
2023090700,530,53541,8,86.57592594326316,18.890847635834728
2023090700,530,54486,1,90.27230516893488,48.915245356169926
2023090700,530,54486,2,90.66446998930822,49.217493997180036
2023090700,530,54486,3,91.05646132991441,49.51674765834994
2023090700,530,54486,4,91.44824670092575,49.81300839853797
2023090700,530,54486,5,91.83979424109998,50.10627858092258
2023090700,530,54486,6,92.23107270491141,50.39656085477471
2023090700,530,54486,7,92.62205144964939,50.68385813817977
2023090700,530,54486,8,93.01270042252301,50.968173601668354
2023090700,530,54527,1,102.07040068806222,19.164683339424048
2023090700,530,54527,2,101.89792911526008,19.438500586336232
2023090700,530,54527,3,101.72260545295046,19.7113874655009
2023090700,530,54527,4,101.54445157106477,19.98327942967007
2023090700,530,54527,5,101.36349106773164,20.25411173599789
2023090700,530,54527,6,101.17974929437779,20.523819526538766
2023090700,530,54527,7,100.99325337587135,20.79233791254146
2023090700,530,54527,8,100.80403222529321,21.059602062192283
2023090700,530,54568,1,90.6655447160265,20.211881839996558
2023090700,530,54568,2,90.33000244957243,20.240967528032723
2023090700,530,54568,3,89.99354357979692,20.267196673578795
2023090700,530,54568,4,89.65634685679096,20.29051797297796
2023090700,530,54568,5,89.31859795977988,20.310890526806606
2023090700,530,54568,6,88.98048772384439,20.328284921685047
2023090700,530,54568,7,88.64221010611857,20.342683990224177
2023090700,530,54568,8,88.30395999264123,20.354083185422088
2023090700,530,55876,1,89.64074034014035,49.05127769352597
2023090700,530,55876,2,90.07142464673898,49.420556172204435
2023090700,530,55876,3,90.5020284470583,49.78783627191337
2023090700,530,55876,4,90.93252782340923,50.15311909963174
2023090700,530,55876,5,91.36289940175179,50.516406014666366
2023090700,530,55876,6,91.79312034008312,50.877698610929684
2023090700,530,55876,7,92.22316831667725,51.23699870022576
2023090700,530,55876,8,92.65302151823356,51.594308296501474
2023090700,530,55899,1,89.2427250393912,8.717574926676761
2023090700,530,55899,2,88.90527832454195,9.297142464514266
2023090700,530,55899,3,88.56775784503438,9.878708641239758
2023090700,530,55899,4,88.230283910825,10.462274275894838
2023090700,530,55899,5,87.89300600564407,11.047830280092079
2023090700,530,55899,6,87.55611134134533,11.635349222011916
2023090700,530,55899,7,87.21983392802109,12.224770530630634
2023090700,530,55899,8,86.88445955703058,12.81597635937715
2023090700,621,38696,1,107.87059253977061,36.186932468146445
2023090700,621,38696,2,107.53065242249014,36.591937171775236
2023090700,621,38696,3,107.19022422867917,36.99500234430683
2023090700,621,38696,4,106.84935135266487,37.396117579064686
2023090700,621,38696,5,106.50807599400915,37.79527373053854
2023090700,621,38696,6,106.16643915660427,38.19246282006346
2023090700,621,38696,7,105.82448065436517,38.58767794623054
2023090700,621,43290,1,92.97308256659346,23.709584548037704
2023090700,621,43290,2,92.98625287079584,23.709121115764663
2023090700,621,43290,3,92.99951088754638,23.708609657382805
2023090700,621,43290,4,93.01285659170797,23.708050127011443
2023090700,621,43290,5,93.02628995806641,23.7074424786863
2023090700,621,43290,6,93.03981096132961,23.7067866663585
2023090700,621,43290,7,93.05341957612688,23.706082643893566
2023090700,621,44930,1,105.30323993480897,24.461447600906006
2023090700,621,44930,2,105.90576140843787,24.741028704470228
2023090700,621,44930,3,106.50744496599832,25.018793797148003
2023090700,621,44930,4,107.10818977441924,25.294792891805866
2023090700,621,44930,5,107.70791039351668,25.569074128713073
2023090700,621,44930,6,108.30653403696368,25.841683048812406
2023090700,621,44930,7,108.9039983144609,26.112662284975034
2023090700,621,46137,1,109.80287739731583,13.26658220046112
2023090700,621,46137,2,109.97332819898025,13.67492838261979
2023090700,621,46137,3,110.14126536624315,14.084912136137866
2023090700,621,46137,4,110.3066069339285,14.496400170439736
2023090700,621,46137,5,110.46927693740906,14.909253028001052
2023090700,621,46137,6,110.62920624980946,15.323325971717074
2023090700,621,46137,7,110.78633329018211,15.73847002201116
2023090700,621,47856,1,102.98338965933603,8.926188414888202
2023090700,621,47856,2,102.53676575032874,9.444376783536844
2023090700,621,47856,3,102.09022860495453,9.964563269090569
2023090700,621,47856,4,101.64389028333255,10.486739847143927
2023090700,621,47856,5,101.19787555210398,11.010890073657114
2023090700,621,47856,6,100.75232247942824,11.536986288430363
2023090700,621,47856,7,100.30738232001269,12.064986272150854
2023090700,621,47882,1,108.19786027637618,20.072053278058938
2023090700,621,47882,2,107.97288148000655,19.963137194102643
2023090700,621,47882,3,107.74505813115135,19.853267948156397
2023090700,621,47882,4,107.51438431828628,19.74246336730556
2023090700,621,47882,5,107.28085364166309,19.630743185156817
2023090700,621,47882,6,107.04445914746061,19.51812938959484
2023090700,621,47882,7,106.80519325094512,19.404646661020653
2023090700,621,52546,1,105.49002665738097,23.435220155971873
2023090700,621,52546,2,106.1587169105646,23.68775441903795
2023090700,621,52546,3,106.82586784925338,23.937713704815934
2023090700,621,52546,4,107.49131644540374,24.1852027624128
2023090700,621,52546,5,108.15493057865788,24.430318058548476
2023090700,621,52546,6,108.81660205506913,24.673147292094423
2023090700,621,52546,7,109.4762412967661,24.913769713460255
2023090700,621,53487,1,105.95836179386835,10.36016832977022
2023090700,621,53487,2,105.36564784726808,10.493137155982117
2023090700,621,53487,3,104.77203392109986,10.628967805838007
2023090700,621,53487,4,104.1777133159638,10.767714034975448
2023090700,621,53487,5,103.58289669995263,10.909418975123703
2023090700,621,53487,6,102.98781099120862,11.054111822008378
2023090700,621,53487,7,102.39269709058613,11.20180453601071
2023090700,621,53541,1,102.12614204317124,24.517407804912317
2023090700,621,53541,2,101.30291436660144,24.599855495021963
2023090700,621,53541,3,100.48092428905468,24.677458771750725
2023090700,621,53541,4,99.66071300159214,24.750389158737217
2023090700,621,53541,5,98.84274830287254,24.818852686410136
2023090700,621,53541,6,98.02742623849738,24.883071631978765
2023090700,621,53541,7,97.21507795645843,24.94327104865227
2023090700,621,54486,1,108.52793934136764,37.098825344927306
2023090700,621,54486,2,108.26502234347993,37.51477550600597
2023090700,621,54486,3,108.00130251815868,37.92783508458091
2023090700,621,54486,4,107.73683190704061,38.337990128804066
2023090700,621,54486,5,107.47166110614718,38.74522802829198
2023090700,621,54486,6,107.20583929415348,39.1495374155827
2023090700,621,54486,7,106.93941426359002,39.550908074149525
2023090700,621,54527,1,103.56016850278964,25.059445697703417
2023090700,621,54527,2,102.90005538755607,24.945904643215986
2023090700,621,54527,3,102.23995123411503,24.829363602563582
2023090700,621,54527,4,101.58015644968812,24.709838556535253
2023090700,621,54527,5,100.92097274494657,24.587376406681443
2023090700,621,54527,6,100.26269410740653,24.462054038191898
2023090700,621,54527,7,99.60559856906323,24.333974810326296
2023090700,621,54600,1,103.78175144415087,29.870254741221135
2023090700,621,54600,2,103.0732806383931,29.787517726531327
2023090700,621,54600,3,102.36476991025978,29.70178097774643
2023090700,621,54600,4,101.65640471706553,29.613047761373057
2023090700,621,54600,5,100.94837166352484,29.52133298807864
2023090700,621,54600,6,100.24085642451351,29.42666324159697
2023090700,621,54600,7,99.53404168567964,29.329076425021423
2023090700,621,55899,1,109.72872965822694,13.987204980023009
2023090700,621,55899,2,109.87576638212973,14.395474841438247
2023090700,621,55899,3,110.02105588156172,14.804717947757869
2023090700,621,55899,4,110.16454797918982,15.214838177639434
2023090700,621,55899,5,110.30619724560529,15.62573556394299
2023090700,621,55899,6,110.44596354065062,16.037307055430883
2023090700,621,55899,7,110.5838124325878,16.449447374046958
2023090700,713,44822,1,90.84678958005335,22.496197765875706
2023090700,713,44822,2,90.71351628542247,22.53231777075262
2023090700,713,44822,3,90.5801806843909,22.56835955855161
2023090700,713,44822,4,90.44678335218752,22.604322674492405
2023090700,713,44822,5,90.31332487099745,22.6402066652143
2023090700,713,44822,6,90.17980582996964,22.676011078898753
2023090700,713,44822,7,90.04622682522121,22.711735465393815
2023090700,713,44822,8,89.91258845983837,22.74737937634034
2023090700,713,44888,1,77.88443708324566,13.081530956709893
2023090700,713,44888,2,77.4301999707679,13.02037077256636
2023090700,713,44888,3,76.97752931265399,12.956652030833892
2023090700,713,44888,4,76.52663626332443,12.890516658518841
2023090700,713,44888,5,76.07770323255822,12.822110091858189
2023090700,713,44888,6,75.63088604623204,12.751576743828204
2023090700,713,44888,7,75.186316838772,12.679056793707874
2023090700,713,44888,8,74.74410717105191,12.604684124175835
2023090700,713,44906,1,69.88760269594646,42.34748253664271
2023090700,713,44906,2,69.99606815862434,41.95209181154122
2023090700,713,44906,3,70.10539720782927,41.5538280709877
2023090700,713,44906,4,70.21559068310626,41.152691567471976
2023090700,713,44906,5,70.32664944462437,40.748682559964024
2023090700,713,44906,6,70.4385743741043,40.34180131421393
2023090700,713,44906,7,70.55136637580289,39.93204810307088
2023090700,713,44906,8,70.66502637755893,39.51942320682257
2023090700,713,46243,1,74.28641315961426,43.46603932342484
2023090700,713,46243,2,74.41314811393583,42.94010470461712
2023090700,713,46243,3,74.54020254174286,42.412195766569866
2023090700,713,46243,4,74.66757404727743,41.882312123106985
2023090700,713,46243,5,74.79526015631355,41.35045337853359
2023090700,713,46243,6,74.92325831194077,40.81661912727051
2023090700,713,46243,7,75.05156587003725,40.280808953472565
2023090700,713,46243,8,75.18018009440306,39.74302243062984
2023090700,713,46309,1,72.95087733930852,12.863448407895556
2023090700,713,46309,2,72.78350008190148,12.085920308560508
2023090700,713,46309,3,72.6179553206747,11.30759098720827
2023090700,713,46309,4,72.45431509373124,10.528651134842175
2023090700,713,46309,5,72.29263254471435,9.749302019619785
2023090700,713,46309,6,72.13293961039776,8.969749355141486
2023090700,713,46309,7,71.97524667582296,8.1901967551893
2023090700,713,46309,8,71.81954415204912,7.410839766688766
2023090700,713,47888,1,68.79485605801311,17.51022089576901
2023090700,713,47888,2,68.62209101068647,17.088613989877196
2023090700,713,47888,3,68.4517614542959,16.66525540404721
2023090700,713,47888,4,68.28392237360949,16.240224236541216
2023090700,713,47888,5,68.11862690180912,15.81360245515308
2023090700,713,47888,6,67.9559260836222,15.385474761647348
2023090700,713,47888,7,67.79586864548902,14.955928427748582
2023090700,713,47888,8,67.63850077669782,14.525053103472679
2023090700,713,53591,1,78.99192545308856,11.942659459631818
2023090700,713,53591,2,78.625326346015,11.680541570499537
2023090700,713,53591,3,78.26086867286304,11.413905468878852
2023090700,713,53591,4,77.89920777928315,11.143124731319237
2023090700,713,53591,5,77.54094269121464,10.86867404988526
2023090700,713,53591,6,77.18657919287128,10.59109645605282
2023090700,713,53591,7,76.83651215052508,10.310961431852116
2023090700,713,53591,8,76.49102791233877,10.028826934940573
2023090700,713,53953,1,72.290796741438,9.970528027936512
2023090700,713,53953,2,72.2345679462355,9.500665459686836
2023090700,713,53953,3,72.18133200612796,9.030595971063601
2023090700,713,53953,4,72.13109597342925,8.560502962033553
2023090700,713,53953,5,72.08385579219423,8.090567660634143
2023090700,713,53953,6,72.03959684720641,7.620967363940336
2023090700,713,53953,7,71.99829477985479,7.151873893045428
2023090700,713,53953,8,71.95991650412304,6.683452315256708
2023090700,713,54562,1,69.81415391516255,34.10383062301375
2023090700,713,54562,2,69.9394260417246,33.77487743522189
2023090700,713,54562,3,70.06581704280467,33.4431407030816
2023090700,713,54562,4,70.1933275992249,33.10862070035477
2023090700,713,54562,5,70.32195841038973,32.77131770847678
2023090700,713,54562,6,70.45171019522388,32.43123201695075
2023090700,713,54562,7,70.5825836931752,32.08836392376946
2023090700,713,54562,8,70.7145796652877,31.74271373586738
2023090700,713,54716,1,91.20605447967313,32.9617374935661
2023090700,713,54716,2,91.8112570058631,33.1116655189891
2023090700,713,54716,3,92.41557519967891,33.25979967820896
2023090700,713,54716,4,93.01897790591059,33.40615566921673
2023090700,713,54716,5,93.62143515088206,33.550749246335265
2023090700,713,54716,6,94.22291810008532,33.693596184546706
2023090700,713,54716,7,94.8233990159174,33.834712247591355
2023090700,713,54716,8,95.42285121579054,33.97411315956397
2023090700,713,55882,1,77.61542297189636,28.836691323733945
2023090700,713,55882,2,78.15119015217154,28.75040245960604
2023090700,713,55882,3,78.68722303507077,28.661125385109177
2023090700,713,55882,4,79.22344185397878,28.56885407834205
2023090700,713,55882,5,79.75976570059551,28.4735846107616
2023090700,713,55882,6,80.29611265581022,28.375315232337503
2023090700,713,55882,7,80.83239993161727,28.274046447732026
2023090700,713,55882,8,81.36854402318946,28.169781082184294
2023090700,713,55910,1,78.56967108511027,36.76204251882474
2023090700,713,55910,2,78.98948668387469,36.67108852047836
2023090700,713,55910,3,79.40940191870182,36.57713617725428
2023090700,713,55910,4,79.82937154375396,36.48018432722883
2023090700,713,55910,5,80.24934996174282,36.38023249019841
2023090700,713,55910,6,80.6692912417445,36.27728088315793
2023090700,713,55910,7,81.08914913802704,36.17133043525864
2023090700,713,55910,8,81.50887710987871,36.06238280218303
2023090700,713,55920,1,79.74690680684483,37.716217461587156
2023090700,713,55920,2,80.03382496086788,37.57043495543376
2023090700,713,55920,3,80.3207344562719,37.4226524680933
2023090700,713,55920,4,80.60761508350656,37.27287018917678
2023090700,713,55920,5,80.89444642954918,37.12108851758209
2023090700,713,55920,6,81.18120787837587,36.967308067836825
2023090700,713,55920,7,81.46787861163347,36.81152967655086
2023090700,713,55920,8,81.75443760952247,36.65375440897416
2023090700,736,41325,1,88.46246444497778,12.776606478715308
2023090700,736,41325,2,87.87375767315807,12.63483414556866
2023090700,736,41325,3,87.28390662440326,12.49470212643461
2023090700,736,41325,4,86.69293891121747,12.356229342157707
2023090700,736,41325,5,86.1008828179213,12.219434481745715
2023090700,736,41325,6,85.50776729817721,12.084335974882094
2023090700,736,41325,7,84.91362197077402,11.95095196384625
2023090700,736,41325,8,84.31847711358526,11.819300274941144
2023090700,736,41325,9,83.72236365562335,11.689398389538658
2023090700,736,41325,10,83.12531316712025,11.561263414863726
2023090700,736,41325,11,82.52735784757591,11.43491205464821
2023090700,736,41325,12,81.9285305117273,11.310360579794864
2023090700,736,41325,13,81.32886457340423,11.187624799200083
2023090700,736,41325,14,80.72839402725255,11.066720030891405
2023090700,736,41325,15,80.1271534283211,10.947661073641608
2023090700,736,44822,1,93.9896599470909,23.359923996979962
2023090700,736,44822,2,93.97923680500159,23.2999036373556
2023090700,736,44822,3,93.96873067464405,23.23993907151839
2023090700,736,44822,4,93.95814165703916,23.180030449434874
2023090700,736,44822,5,93.94746985331551,23.120177920647656
2023090700,736,44822,6,93.93671536470809,23.060381634276354
2023090700,736,44822,7,93.92587829255713,23.000641739018587
2023090700,736,44822,8,93.9149587383068,22.94095838315095
2023090700,736,44822,9,93.90395680350404,22.881331714529992
2023090700,736,44822,10,93.89287258979738,22.821761880593197
2023090700,736,44822,11,93.88170619893566,22.76224902835996
2023090700,736,44822,12,93.87045773276691,22.70279330443258
2023090700,736,44822,13,93.85912729323714,22.64339485499723
2023090700,736,44822,14,93.84771498238916,22.584053825824956
2023090700,736,44822,15,93.83622090236148,22.52477036227265
2023090700,736,44888,1,82.8605802301773,14.566457579535678
2023090700,736,44888,2,82.21970269313343,14.685537164815255
2023090700,736,44888,3,81.57741269933939,14.80726343959543
2023090700,736,44888,4,80.9337572796173,14.931660970898282
2023090700,736,44888,5,80.28878524222459,15.058754150040826
2023090700,736,44888,6,79.64254722874249,15.188567127686635
2023090700,736,44888,7,78.99509576815139,15.321123742601113
2023090700,736,44888,8,78.3464853283918,15.456447443821851
2023090700,736,44888,9,77.69677236462009,15.594561205997648
2023090700,736,44888,10,77.04601536327793,15.735487437706178
2023090700,736,44888,11,76.39427488100209,15.879247882632697
2023090700,736,44888,12,75.7416135773127,16.02586351358243
2023090700,736,44888,13,75.08809623993386,16.175354419408787
2023090700,736,44888,14,74.4337898015262,16.327739685069535
2023090700,736,44888,15,73.77876334655102,16.48303726517383
2023090700,736,44906,1,76.89919445273856,39.58228837892947
2023090700,736,44906,2,77.32540467598008,39.78488395842013
2023090700,736,44906,3,77.74862332587252,39.98770423074568
2023090700,736,44906,4,78.16884569279082,40.19067378937826
2023090700,736,44906,5,78.5860691318185,40.39372353311908
2023090700,736,44906,6,79.00029261756465,40.59678996605789
2023090700,736,44906,7,79.41151639502642,40.799814583934605
2023090700,736,44906,8,79.81974170482809,41.002743337078456
2023090700,736,44906,9,80.2249705662439,41.2055261604897
2023090700,736,44906,10,80.62720560528055,41.408116562400146
2023090700,736,44906,11,81.02644991803686,41.61047126356802
2023090700,736,44906,12,81.42270696179507,41.81254988049956
2023090700,736,44906,13,81.81598046800158,42.01431464667748
2023090700,736,44906,14,82.20627437259523,42.215730166682846
2023090700,736,44906,15,82.59359276013724,42.41676319881168
2023090700,736,46213,1,73.86817836125144,32.838288140017085
2023090700,736,46213,2,74.38346430050343,32.26065474661108
2023090700,736,46213,3,74.89582313360911,31.68707499905274
2023090700,736,46213,4,75.40522524551079,31.117527347118326
2023090700,736,46213,5,75.91164503676853,30.55199289331962
2023090700,736,46213,6,76.41506014330231,29.99045492118257
2023090700,736,46213,7,76.91545084627437,29.432898529044614
2023090700,736,46213,8,77.41279961756238,28.879310341541977
2023090700,736,46213,9,77.90709076400984,28.329678279279435
2023090700,736,46213,10,78.3983101450034,27.78399137274783
2023090700,736,46213,11,78.88644494540407,27.24223961036339
2023090700,736,46213,12,79.37148349089483,26.70441381315461
2023090700,736,46213,13,79.85341509627315,26.170505530500712
2023090700,736,46213,14,80.33222993964509,25.640506952676787
2023090700,736,46213,15,80.807918957211,25.114410836946885
2023090700,736,46243,1,73.65561630194595,35.66866328887718
2023090700,736,46243,2,74.17976223655174,35.10868231325613
2023090700,736,46243,3,74.70244761947095,34.55006764204759
2023090700,736,46243,4,75.22368057490387,33.99282790846124
2023090700,736,46243,5,75.7434679401469,33.43697029937967
2023090700,736,46243,6,76.26181555071591,32.88250089262011
2023090700,736,46243,7,76.77872844702911,32.329424896879466
2023090700,736,46243,8,77.29421102786434,31.77774682708282
2023090700,736,46243,9,77.80826716667781,31.22747063549485
2023090700,736,46243,10,78.32090030137455,30.678599811714342
2023090700,736,46243,11,78.83211350469502,30.13113746026587
2023090700,736,46243,12,79.3419095401822,29.585086361730678
2023090700,736,46243,13,79.85029090724285,29.04044902156327
2023090700,736,46243,14,80.35725987783695,28.497227709547012
2023090700,736,46243,15,80.86281852665455,27.955424492031185
2023090700,736,47888,1,64.32818653643793,24.740619248984704
2023090700,736,47888,2,64.71713789398173,24.32413936810922
2023090700,736,47888,3,65.10676924972414,23.910581404645765
2023090700,736,47888,4,65.49699841037904,23.49996327590898
2023090700,736,47888,5,65.88774585308398,23.09230003848502
2023090700,736,47888,6,66.27893473895959,22.687604144469127
2023090700,736,47888,7,66.67049090370173,22.28588568311048
2023090700,736,47888,8,67.06234282914525,21.88715260692319
2023090700,736,47888,9,67.45442159935577,21.49141094185522
2023090700,736,47888,10,67.8466608444071,21.09866498152527
2023090700,736,47888,11,68.23899667460603,20.708917465855404
2023090700,736,47888,12,68.63136760754732,20.32216974465945
2023090700,736,47888,13,69.02371449002935,19.938421926908806
2023090700,736,47888,14,69.41598041653998,19.55767301650142
2023090700,736,47888,15,69.80811064573497,19.179921035418833
2023090700,736,53591,1,78.91525478836317,17.326912501509046
2023090700,736,53591,2,78.99968623515132,16.725647668191826
2023090700,736,53591,3,79.08330633631596,16.126210871518385
2023090700,736,53591,4,79.16612659369252,15.528607173209249
2023090700,736,53591,5,79.24815804515536,14.93284135001434
2023090700,736,53591,6,79.32941129245098,14.33891791602514
2023090700,736,53591,7,79.40989652691776,13.746841142809295
2023090700,736,53591,8,79.48962355328024,13.156615077618326
2023090700,736,53591,9,79.56860181168736,12.568243559886232
2023090700,736,53591,10,79.64684039814762,11.98173023620871
2023090700,736,53591,11,79.72434808349921,11.397078573968665
2023090700,736,53591,12,79.80113333103982,10.814291873753033
2023090700,736,53591,13,79.8772043129288,10.233373280688166
2023090700,736,53591,14,79.95256892546371,9.654325794805677
2023090700,736,53591,15,80.02723480332374,9.077152280537359
2023090700,736,53953,1,78.32058650335647,16.82849566865012
2023090700,736,53953,2,78.46001833251154,16.35976022277735
2023090700,736,53953,3,78.598300981109,15.893795946938306
2023090700,736,53953,4,78.73543974650131,15.430605031972878
2023090700,736,53953,5,78.87143974117055,14.970189581036163
2023090700,736,53953,6,79.00630590327296,14.512551615123055
2023090700,736,53953,7,79.1400430063897,14.057693078137614
2023090700,736,53953,8,79.27265566855756,13.605615841553096
2023090700,736,53953,9,79.4041483606451,13.156321708703102
2023090700,736,53953,10,79.53452541413286,12.709812418739611
2023090700,736,53953,11,79.66379102834998,12.266089650289574
2023090700,736,53953,12,79.79194927721399,11.825155024838235
2023090700,736,53953,13,79.9190041155162,11.387010109864235
2023090700,736,53953,14,80.04495938479037,10.951656421748861
2023090700,736,53953,15,80.16981881879892,10.519095428479432
2023090700,736,54519,1,80.80145116406652,38.43398260123826
2023090700,736,54519,2,81.2809285318155,38.45828789033902
2023090700,736,54519,3,81.75842964105922,38.48290042804161
2023090700,736,54519,4,82.23395230996084,38.507805836393494
2023090700,736,54519,5,82.70749459779927,38.53299069110701
2023090700,736,54519,6,83.1790547722658,38.55844242786196
2023090700,736,54519,7,83.64863128204193,38.58414926039625
2023090700,736,54519,8,84.1162227336765,38.61010010860924
2023090700,736,54519,9,84.58182787198501,38.636284535209526
2023090700,736,54519,10,85.04544556335243,38.66269268968666
2023090700,736,54519,11,85.5070747814424,38.68931525858724
2023090700,736,54519,12,85.96671459491236,38.71614342123985
2023090700,736,54519,13,86.42436415680886,38.7431688102074
2023090700,736,54519,14,86.88002269537695,38.770383475856484
2023090700,736,54519,15,87.33368950606553,38.79777985452433
2023090700,736,54562,1,73.43162575108255,29.02905541599715
2023090700,736,54562,2,73.72205613524545,28.510862394547086
2023090700,736,54562,3,74.01127852834105,27.99541541683325
2023090700,736,54562,4,74.2992814208429,27.48270939095799
2023090700,736,54562,5,74.58605427251184,26.97273960306275
2023090700,736,54562,6,74.8715873913463,26.465501675574426
2023090700,736,54562,7,75.15587183194963,25.9609915313445
2023090700,736,54562,8,75.43889930957133,25.45920536268987
2023090700,736,54562,9,75.72066212691168,24.960139604534398
2023090700,736,54562,10,76.00115311140432,24.463790910999993
2023090700,736,54562,11,76.28036556116501,23.9701561349147
2023090700,736,54562,12,76.55829319815793,23.479232309799958
2023090700,736,54562,13,76.83493012741212,22.991016633975
2023090700,736,54562,14,77.11027080134019,22.505506456477466
2023090700,736,54562,15,77.3843099883838,22.022699264548855
2023090700,736,55910,1,73.28972652168409,34.906642242332175
2023090700,736,55910,2,73.8274846438799,34.40554841951414
2023090700,736,55910,3,74.36325286444169,33.90669965555021
2023090700,736,55910,4,74.89701338546526,33.41008004849421
2023090700,736,55910,5,75.42875122588389,32.915676013888415
2023090700,736,55910,6,75.95845359632443,32.42347580781798
2023090700,736,55910,7,76.48610944616557,31.93346917230636
2023090700,736,55910,8,77.01170912740173,31.445647066293024
2023090700,736,55910,9,77.53524413997685,30.960001457895086
2023090700,736,55910,10,78.05670693533227,30.47652516146706
2023090700,736,55910,11,78.5760907624405,29.995211708012075
2023090700,736,55910,12,79.09338954543044,29.51605524083125
2023090700,736,55910,13,79.60859778509592,29.039050430553335
2023090700,736,55910,14,80.12171047873035,28.56419240524437
2023090700,736,55910,15,80.63272305421222,28.0914766923925
