nfl_id,game_id,play_id,player_to_predict,frame_id,play_direction,absolute_yardline_number,player_name,player_height,player_weight,player_birth_date,player_position,player_side,player_role,x,y,s,a,dir,o,num_frames_output,ball_land_x,ball_land_y,dist_to_ball,angle_to_ball,speed_toward_ball,accel_toward_ball,dir_alignment_ball,vx,vy,ax,ay,orientation_rad,direction_rad,role_encoded,is_offense,nearest_player_dist,avg_k_nearest_dist
43290,2023090700,101,False,26,right,42,Jared Goff,6-4,223,1994-10-14,QB,Offense,Passer,35.41,29.99,0.64,0.47,108.83,212.25,21,63.2599983215332,-0.219999998807907,41.088520372938426,-0.8260234351345189,-0.5853831443556383,-0.42989074663617194,-0.914661185316432,-0.2065672418725737,0.6057474511586142,-0.15169781825017128,0.44484578444460726,3.7044613373579645,1.8994418249454288,0,1,15.920207285082693,16.98936820173578
44930,2023090700,101,True,26,right,42,Josh Reynolds,6-3,196,1995-02-16,WR,Offense,Targeted Receiver,52.43,14.14,7.9,2.68,99.25,106.8,21,63.2599983215332,-0.219999998807907,17.986063038090773,-0.9246265564489057,-6.989937603160421,-2.371269971705054,-0.8848022774419234,-1.2698662682702253,7.797271295825833,-0.4307900758182537,2.6451502623814216,1.8640116411299439,1.732239282604372,1,1,4.735652014242603,5.090407967958864
46137,2023090700,101,True,26,right,42,Justin Reid,6-1,204,1997-02-15,SS,Defense,Defensive Coverage,55.82,17.67,5.34,1.8,134.17,184.99,21,63.2599983215332,-0.219999998807907,19.37538838273349,-1.1766802115238055,-4.965390007595159,-1.6737269688523007,-0.9298483640202652,-3.720856644435682,3.8302514057903343,-1.2542213408210166,1.291095979479888,3.2286845832643105,2.341708257400792,2,0,4.894180217360208,7.4068896513026585
52546,2023090700,101,True,26,right,42,L'Jarius Sneed,6-1,193,1997-01-21,CB,Defense,Defensive Coverage,48.01,12.44,2.93,4.75,192.18,309.47,21,63.2599983215332,-0.219999998807907,19.820142501419657,-0.6928649474210753,-1.8087906773383922,-2.9323398352755508,-0.6173347333101088,-2.8640445309499296,-0.6181819511566128,-4.643075604782309,-1.0021721051173755,5.401270436146852,3.3541737564827026,2,0,1.449999999999998,5.195022296549471
53487,2023090700,101,False,26,right,42,Nick Bolton,6-0,232,2000-03-10,MLB,Defense,Defensive Coverage,49.18,22.0,5.03,2.27,133.98,182.2,21,63.2599983215332,-0.219999998807907,26.30541299203267,-1.00599147122458,-4.926926488455819,-2.2234837234184313,-0.979508285437948,-3.492868372855307,3.6194986572600243,-1.5763044147875838,1.633451680314166,3.179989897133668,2.3383921318220025,2,0,7.9270738611419524,8.476477902785037
53541,2023090700,101,False,26,right,42,Amon-Ra St. Brown,6-1,195,1999-10-24,WR,Offense,Other Route Runner,46.85,13.31,6.55,3.4,174.03,236.81,21,63.2599983215332,-0.219999998807907,21.26849653549739,-0.689500881019608,-5.4597114918418415,-2.8340487133224825,-0.8335437784039694,-6.5144760095933085,0.6812505562810498,-3.381560066048435,0.35362624295504874,4.133114201647772,3.037396497245732,3,1,1.449999999999998,5.362778532617355
53959,2023090700,101,False,26,right,42,Brock Wright,6-4,255,1998-11-27,TE,Offense,Other Route Runner,50.6,36.43,4.57,4.11,107.03,133.53,21,63.2599983215332,-0.219999998807907,38.77496689120241,-1.238198836398016,-4.567141897234972,-4.107429583727733,-0.9993746203546624,-1.3384267977202466,4.369612535127609,-1.2037055007943576,3.9297828269966026,2.3305381501880285,1.868025898409531,3,1,5.623281959852273,8.935327593244132
54486,2023090700,101,False,26,right,42,Trent McDuffie,5-11,195,2000-09-13,CB,Defense,Defensive Coverage,49.58,41.96,4.22,3.53,88.36,144.07,21,63.2599983215332,-0.219999998807907,44.34292225346212,-1.2571757105755588,-3.9752565461471643,-3.3252738407344764,-0.9420039421315675,0.12077425359108437,4.21827139710919,0.1010268045442009,3.5285540359704832,2.5144958533482304,1.5421729270621896,2,0,5.623281959852273,11.37575623104209
54527,2023090700,101,False,26,right,42,Bryan Cook,6-1,210,1999-09-07,FS,Defense,Defensive Coverage,57.23,35.59,2.97,3.42,133.26,251.72,21,63.2599983215332,-0.219999998807907,36.31414297036784,-1.4039726546444322,-2.4708545593759332,-2.8452264623116803,-0.8319375849889028,-2.0353710106791785,2.1629065742391234,-2.3437605577517813,2.490619691548081,4.3933427931201265,2.3258257612076436,2,0,6.683000822983635,10.81104680771454
